CIK,CONAME,FYRMO,FDATE,FORM,SECFNAME,mda_positive_score,mda_negative_score,mda_polarity_score,mda_average_sentence_length,mda_percentage_of_complex_words,mda_fog_index,mda_complex_word_count,mda_word_count,mda_uncertainty_score,mda_constraining_score,mda_positive_word_proportion,mda_negative_word_proportion,mda_uncertainty_word_proportion,mda_constraining_word_proportion,qqdmr_positive_score,qqdmr_negative_score,qqdmr_polarity_score,qqdmr_average_sentence_length,qqdmr_percentage_of_complex_words,qqdmr_fog_index,qqdmr_complex_word_count,qqdmr_word_count,qqdmr_uncertainty_score,qqdmr_constraining_score,qqdmr_positive_word_proportion,qqdmr_negative_word_proportion,qqdmr_uncertainty_word_proportion,qqdmr_constraining_word_proportion,rf_positive_score,rf_negative_score,rf_polarity_score,rf_average_sentence_length,rf_percentage_of_complex_words,rf_fog_index,rf_complex_word_count,rf_word_count,rf_uncertainty_score,rf_constraining_score,rf_positive_word_proportion,rf_negative_word_proportion,rf_uncertainty_word_proportion,rf_constraining_word_proportion,constraining_words_whole_report
3662,SUNBEAM CORP/FL/,199803,06-03-98,10-K405,https://www.sec.gov/Archives/edgar/data/3662/0000950170-98-000413.txt,5.0,15.0,-0.4999999750000012,13.75,0.5272727272727272,5.710909090909091,203.0,385.0,5.0,0.0,0.012987012987012988,0.03896103896103896,0.012987012987012988,0.0,,,,,,,,,,,,,,,,,,,,,,,,,,,,,1487.0
3662,SUNBEAM CORP/FL/,199805,15-05-98,10-Q,https://www.sec.gov/Archives/edgar/data/3662/0000950170-98-001001.txt,3.0,26.0,-0.7931034209274682,12.323529411764708,0.5465393794749404,5.148027516495858,229.0,419.0,8.0,0.0,0.0071599045346062064,0.06205250596658711,0.01909307875894988,0.0,,,,,,,,,,,,,,,,,,,,,,,,,,,,,1044.0
3662,SUNBEAM CORP/FL/,199808,13-08-98,NT 10-Q,https://www.sec.gov/Archives/edgar/data/3662/0000950172-98-000783.txt,,,,,,,,,,,,,,,,,,,,,,,,,,,,,,,,,,,,,,,,,,,5.0
3662,SUNBEAM CORP/FL/,199811,12-11-98,10-K/A,https://www.sec.gov/Archives/edgar/data/3662/0000950170-98-002145.txt,1.0,23.0,-0.9166666284722238,13.523809523809526,0.6584507042253521,5.672904091213951,187.0,284.0,4.0,7.0,0.0035211267605633804,0.08098591549295775,0.014084507042253518,0.02464788732394366,,,,,,,,,,,,,,,,,,,,,,,,,,,,,716.0
3662,SUNBEAM CORP/FL/,199811,16-11-98,NT 10-Q,https://www.sec.gov/Archives/edgar/data/3662/0000950172-98-001203.txt,,,,,,,,,,,,,,,,,,,,,,,,,,,,,,,,,,,,,,,,,,,4.0
3662,SUNBEAM CORP/FL/,199811,25-11-98,10-Q/A,https://www.sec.gov/Archives/edgar/data/3662/0000950170-98-002278.txt,5.0,19.0,-0.5833333090277788,15.384615384615385,0.5566666666666666,6.376512820512822,334.0,600.0,20.0,0.0,0.008333333333333333,0.03166666666666667,0.03333333333333333,0.0,,,,,,,,,,,,,,,,,,,,,,,,,,,,,90.0
3662,SUNBEAM CORP/FL/,199812,22-12-98,10-Q,https://www.sec.gov/Archives/edgar/data/3662/0000950170-98-002401.txt,4.0,4.0,0.0,14.225806451612904,0.5850340136054422,5.924336186087339,258.0,441.0,18.0,1.0,0.0090702947845805,0.0090702947845805,0.040816326530612235,0.002267573696145125,,,,,,,,,,,,,,,,,,,,,,,,,,,,,271.0
3662,SUNBEAM CORP/FL/,199812,22-12-98,10-Q,https://www.sec.gov/Archives/edgar/data/3662/0000950170-98-002402.txt,4.0,5.0,-0.11111109876543347,14.633333333333333,0.6173120728929385,6.1002581624905075,271.0,439.0,18.0,1.0,0.009111617312072893,0.011389521640091115,0.04100227790432802,0.002277904328018223,,,,,,,,,,,,,,,,,,,,,,,,,,,,,105.0
3662,SUNBEAM CORP/FL/,199903,31-03-99,NT 10-K,https://www.sec.gov/Archives/edgar/data/3662/0000950172-99-000362.txt,,,,,,,,,,,,,,,,,,,,,,,,,,,,,,,,,,,,,,,,,,,3.0
3662,SUNBEAM CORP/FL/,199905,11-05-99,10-K,https://www.sec.gov/Archives/edgar/data/3662/0000950170-99-000775.txt,5.0,13.0,-0.4444444197530878,15.692307692307693,0.5857843137254902,6.511236802413273,239.0,408.0,12.0,7.0,0.012254901960784314,0.031862745098039214,0.029411764705882356,0.01715686274509804,,,,,,,,,,,,,,,,,,,,,,,,,,,,,501.0
3662,SUNBEAM CORP/FL/,199905,17-05-99,NT 10-Q,https://www.sec.gov/Archives/edgar/data/3662/0000950172-99-000584.txt,,,,,,,,,,,,,,,,,,,,,,,,,,,,,,,,,,,,,,,,,,,3.0
3662,SUNBEAM CORP/FL/,199906,11-06-99,10-Q,https://www.sec.gov/Archives/edgar/data/3662/0000950170-99-001005.txt,5.0,5.0,0.0,15.558823529411766,0.5954631379962193,6.461714666963194,315.0,529.0,23.0,1.0,0.00945179584120983,0.00945179584120983,0.043478260869565216,0.001890359168241966,,,,,,,,,,,,,,,,,,,,,,,,,,,,,82.0
3662,SUNBEAM CORP/FL/,199908,16-08-99,NT 10-Q,https://www.sec.gov/Archives/edgar/data/3662/0000950172-99-001074.txt,,,,,,,,,,,,,,,,,,,,,,,,,,,,,,,,,,,,,,,,,,,3.0
3662,SUNBEAM CORP/FL/,199908,19-08-99,10-Q,https://www.sec.gov/Archives/edgar/data/3662/0000950170-99-001361.txt,3.0,1.0,0.4999998750000312,17.4,0.6245210727969349,7.209808429118773,163.0,261.0,11.0,1.0,0.011494252873563218,0.0038314176245210726,0.0421455938697318,0.0038314176245210726,,,,,,,,,,,,,,,,,,,,,,,,,,,,,150.0
3662,SUNBEAM CORP/FL/,199911,08-11-99,10-K/A,https://www.sec.gov/Archives/edgar/data/3662/0000889812-99-003241.txt,5.0,10.0,-0.3333333111111126,14.227272727272727,0.5846645367412141,5.9247749056055765,183.0,313.0,12.0,6.0,0.01597444089456869,0.03194888178913738,0.038338658146964855,0.019169329073482427,,,,,,,,,,,,,,,,,,,,,,,,,,,,,336.0
3662,SUNBEAM CORP/FL/,199911,08-11-99,10-Q/A,https://www.sec.gov/Archives/edgar/data/3662/0000950170-99-001639.txt,3.0,1.0,0.4999998750000312,17.4,0.6245210727969349,7.209808429118773,163.0,261.0,11.0,1.0,0.011494252873563218,0.0038314176245210726,0.0421455938697318,0.0038314176245210726,,,,,,,,,,,,,,,,,,,,,,,,,,,,,168.0
3662,SUNBEAM CORP/FL/,199911,08-11-99,10-Q/A,https://www.sec.gov/Archives/edgar/data/3662/0000950170-99-001640.txt,4.0,6.0,-0.199999980000002,13.972222222222221,0.5805168986083499,5.8210956483322285,292.0,503.0,19.0,1.0,0.007952286282306162,0.011928429423459244,0.03777335984095427,0.0019880715705765406,,,,,,,,,,,,,,,,,,,,,,,,,,,,,156.0
3662,SUNBEAM CORP/FL/,199911,15-11-99,NT 10-Q,https://www.sec.gov/Archives/edgar/data/3662/0000950172-99-001626.txt,,,,,,,,,,,,,,,,,,,,,,,,,,,,,,,,,,,,,,,,,,,3.0
3662,SUNBEAM CORP/FL/,199911,19-11-99,10-Q,https://www.sec.gov/Archives/edgar/data/3662/0000950170-99-001856.txt,116.0,462.0,-0.5986159159193496,12.595266272189347,0.5815089730339189,5.2707100980893085,6189.0,10643.0,283.0,95.0,0.010899182561307902,0.0434088133045194,0.02659024711077704,0.008926054683829747,,,,,,,,,,,,,,,,,,,,,,,,,,,,,194.0
3982,ALLIS CHALMERS ENERGY INC.,200603,22-03-06,10-K,https://www.sec.gov/Archives/edgar/data/3982/0000950129-06-002926.txt,,,,,,,,,,,,,,,,,,,,,,,,,,,,,,,,,,,,,,,,,,,503.0
3982,ALLIS CHALMERS ENERGY INC.,200605,01-05-06,10-K/A,https://www.sec.gov/Archives/edgar/data/3982/0000950129-06-004690.txt,,,,,,,,,,,,,,,,,,,,,,,,,,,,,,,,,,,,,,,,,,,14.0
3982,ALLIS CHALMERS ENERGY INC.,200605,10-05-06,10-Q,https://www.sec.gov/Archives/edgar/data/3982/0000950129-06-005244.txt,,,,,,,,,,,,,,,,,,,,,,,,,,,,,,,,,,,,,,,,,,,608.0
3982,ALLIS CHALMERS ENERGY INC.,200607,24-07-06,10-K/A,https://www.sec.gov/Archives/edgar/data/3982/0000950129-06-007243.txt,,,,,,,,,,,,,,,,,,,,,,,,,,,,,,,,,,,,,,,,,,,69.0
3982,ALLIS CHALMERS ENERGY INC.,200607,24-07-06,10-Q/A,https://www.sec.gov/Archives/edgar/data/3982/0000950129-06-007244.txt,,,,,,,,,,,,,,,,,,,,,,,,,,,,,,,,,,,,,,,,,,,58.0
3982,ALLIS CHALMERS ENERGY INC.,200608,14-08-06,10-Q,https://www.sec.gov/Archives/edgar/data/3982/0000950129-06-007871.txt,,,,,,,,,,,,,,,,,,,,,,,,,,,,,,,,,,,,,,,,,,,62.0
3982,ALLIS CHALMERS ENERGY INC.,200611,08-11-06,10-Q,https://www.sec.gov/Archives/edgar/data/3982/0000950129-06-009522.txt,,,,,,,,,,,,,,,,,,,,,,,,,,,,,,,,,,,,,,,,,,,102.0
3982,ALLIS CHALMERS ENERGY INC.,200612,29-12-06,10-Q/A,https://www.sec.gov/Archives/edgar/data/3982/0000950134-06-023819.txt,,,,,,,,,,,,,,,,,,,,,,,,,,,,,,,,,,,,,,,,,,,332.0
3982,ALLIS CHALMERS ENERGY INC.,200703,15-03-07,10-K,https://www.sec.gov/Archives/edgar/data/3982/0000950129-07-001381.txt,,,,,,,,,,,,,,,,,,,,,,,,,,,,,,,,,,,,,,,,,,,258.0
3982,ALLIS CHALMERS ENERGY INC.,200705,10-05-07,10-Q,https://www.sec.gov/Archives/edgar/data/3982/0000950129-07-002432.txt,,,,,,,,,,,,,,,,,,,,,,,,,,,,,,,,,,,,,,,,,,,1156.0
3982,ALLIS CHALMERS ENERGY INC.,200708,09-08-07,10-Q,https://www.sec.gov/Archives/edgar/data/3982/0000950129-07-003918.txt,,,,,,,,,,,,,,,,,,,,,,,,,,,,,,,,,,,,,,,,,,,59.0
3982,ALLIS CHALMERS ENERGY INC.,200711,06-11-07,10-Q,https://www.sec.gov/Archives/edgar/data/3982/0000950129-07-005361.txt,,,,,,,,,,,,,,,,,,,,,,,,,,,,,,,,,,,,,,,,,,,151.0
3982,ALLIS CHALMERS ENERGY INC.,200803,07-03-08,10-K,https://www.sec.gov/Archives/edgar/data/3982/0000950129-08-001569.txt,,,,,,,,,,,,,,,,,,,,,,,,,,,,,,,,,,,,,,,,,,,290.0
3982,ALLIS CHALMERS ENERGY INC.,200804,29-04-08,10-K/A,https://www.sec.gov/Archives/edgar/data/3982/0000950129-08-002507.txt,,,,,,,,,,,,,,,,,,,,,,,,,,,,,,,,,,,,,,,,,,,92.0
4447,AMERADA HESS CORP,200311,12-11-03,10-Q,https://www.sec.gov/Archives/edgar/data/4447/0000950123-03-012528.txt,,,,,,,,,,,,,,,,,,,,,,,,,,,,,,,,,,,,,,,,,,,75.0
4447,AMERADA HESS CORP,200403,12-03-04,10-K,https://www.sec.gov/Archives/edgar/data/4447/0000950123-04-003250.txt,,,,,,,,,,,,,,,,,,,,,,,,,,,,,,,,,,,,,,,,,,,245.0
4447,AMERADA HESS CORP,200403,15-03-04,10-K/A,https://www.sec.gov/Archives/edgar/data/4447/0000950123-04-003322.txt,,,,,,,,,,,,,,,,,,,,,,,,,,,,,,,,,,,,,,,,,,,33.0
4447,AMERADA HESS CORP,200405,07-05-04,10-Q,https://www.sec.gov/Archives/edgar/data/4447/0000950123-04-005950.txt,,,,,,,,,,,,,,,,,,,,,,,,,,,,,,,,,,,,,,,,,,,36.0
4447,AMERADA HESS CORP,200408,06-08-04,10-Q,https://www.sec.gov/Archives/edgar/data/4447/0000950123-04-009350.txt,,,,,,,,,,,,,,,,,,,,,,,,,,,,,,,,,,,,,,,,,,,36.0
4447,AMERADA HESS CORP,200411,05-11-04,10-Q,https://www.sec.gov/Archives/edgar/data/4447/0000950123-04-013054.txt,,,,,,,,,,,,,,,,,,,,,,,,,,,,,,,,,,,,,,,,,,,108.0
4447,AMERADA HESS CORP,200503,14-03-05,10-K,https://www.sec.gov/Archives/edgar/data/4447/0000950123-05-003078.txt,,,,,,,,,,,,,,,,,,,,,,,,,,,,,,,,,,,,,,,,,,,1034.0
4447,AMERADA HESS CORP,200505,06-05-05,10-Q,https://www.sec.gov/Archives/edgar/data/4447/0000950123-05-005767.txt,,,,,,,,,,,,,,,,,,,,,,,,,,,,,,,,,,,,,,,,,,,31.0
4447,AMERADA HESS CORP,200508,05-08-05,10-Q,https://www.sec.gov/Archives/edgar/data/4447/0000950123-05-009475.txt,,,,,,,,,,,,,,,36.0,50.0,-0.16279069578150354,67.08554572271386,0.33924017236830534,26.969914358032867,7715.0,22742.0,49.0,24.0,0.0015829742326972122,0.0021985753231905723,0.002154603816726761,0.0010553161551314749,,,,,,,,,,,,,,,38.0
4447,AMERADA HESS CORP,200511,07-11-05,10-Q,https://www.sec.gov/Archives/edgar/data/4447/0000950123-05-013153.txt,,,,,,,,,,,,,,,,,,,,,,,,,,,,,,,,,,,,,,,,,,,35.0
4457,AMERCO /NV/,199911,08-11-99,10-Q,https://www.sec.gov/Archives/edgar/data/4457/0000004457-99-000043.txt,5.0,22.0,-0.6296296063100145,6.642857142857142,0.5483870967741935,2.8764976958525352,714.0,1302.0,18.0,0.0,0.0038402457757296467,0.016897081413210446,0.013824884792626729,0.0,0.0,0.0,0.0,3.75,0.3333333333333333,1.6333333333333333,5.0,15.0,0.0,0.0,0.0,0.0,0.0,0.0,,,,,,,,,,,,,,,31.0
4457,AMERCO /NV/,200002,10-02-00,10-Q,https://www.sec.gov/Archives/edgar/data/4457/0000004457-00-000018.txt,7.0,16.0,-0.3913043308128552,6.5614973262032095,0.5794621026894865,2.8563837715570783,711.0,1227.0,18.0,0.0,0.005704971475142625,0.013039934800325998,0.014669926650366746,0.0,0.0,0.0,0.0,3.0,0.3333333333333333,1.3333333333333335,3.0,9.0,0.0,0.0,0.0,0.0,0.0,0.0,,,,,,,,,,,,,,,34.0
4457,AMERCO /NV/,200006,29-06-00,10-K,https://www.sec.gov/Archives/edgar/data/4457/0000004457-00-000067.txt,21.0,39.0,-0.2999999950000001,5.865633074935402,0.6211453744493393,2.594711379753896,1410.0,2270.0,27.0,15.0,0.009251101321585905,0.017180616740088105,0.011894273127753305,0.006607929515418502,,,,,,,,,,,,,,,,,,,,,,,,,,,,,463.0
4457,AMERCO /NV/,200008,11-08-00,10-Q,https://www.sec.gov/Archives/edgar/data/4457/0000004457-00-000080.txt,9.0,37.0,-0.6086956389413992,6.682608695652174,0.5992192582953806,2.912731181579022,921.0,1537.0,25.0,11.0,0.005855562784645414,0.02407286922576448,0.01626545217957059,0.007156798959011061,0.0,0.0,0.0,3.0,0.3333333333333333,1.3333333333333335,3.0,9.0,0.0,0.0,0.0,0.0,0.0,0.0,,,,,,,,,,,,,,,23.0
4457,AMERCO /NV/,200011,13-11-00,10-Q,https://www.sec.gov/Archives/edgar/data/4457/0000004457-00-000105.txt,9.0,25.0,-0.4705882214532877,5.6850649350649345,0.6150770988006853,2.5200568135462484,1077.0,1751.0,24.0,7.0,0.005139920045688178,0.014277555682467162,0.013706453455168473,0.0039977155910908046,0.0,0.0,0.0,3.75,0.3333333333333333,1.6333333333333333,5.0,15.0,0.0,0.0,0.0,0.0,0.0,0.0,,,,,,,,,,,,,,,79.0
4457,AMERCO /NV/,200102,14-02-01,10-Q,https://www.sec.gov/Archives/edgar/data/4457/0000004457-01-500024.txt,7.0,33.0,-0.6499999837500005,5.5895061728395055,0.6350082827167309,2.4898057822224957,1150.0,1811.0,28.0,7.0,0.003865267807840972,0.018221976808393152,0.015461071231363888,0.003865267807840972,0.0,0.0,0.0,3.0,0.3333333333333333,1.3333333333333335,3.0,9.0,0.0,0.0,0.0,0.0,0.0,0.0,,,,,,,,,,,,,,,55.0
4457,AMERCO /NV/,200107,02-07-01,10-K,https://www.sec.gov/Archives/edgar/data/4457/0000004457-01-500063.txt,9.0,21.0,-0.3999999866666671,6.050179211469534,0.6167061611374408,2.6667541490427897,1041.0,1688.0,24.0,16.0,0.00533175355450237,0.012440758293838864,0.014218009478672985,0.009478672985781993,,,,,,,,,,,,,,,,,,,,,,,,,,,,,121.0
4457,AMERCO /NV/,200107,02-07-01,NT 10-K,https://www.sec.gov/Archives/edgar/data/4457/0000004457-01-500060.txt,,,,,,,,,,,,,,,,,,,,,,,,,,,,,,,,,,,,,,,,,,,5.0
4457,AMERCO /NV/,200108,10-08-01,10-Q,https://www.sec.gov/Archives/edgar/data/4457/0000004457-01-500081.txt,6.0,21.0,-0.5555555349794246,6.4454976303317535,0.6139705882352942,2.8237872874268195,835.0,1360.0,26.0,11.0,0.004411764705882353,0.015441176470588238,0.01911764705882353,0.008088235294117648,0.0,0.0,0.0,3.0,0.3333333333333333,1.3333333333333335,3.0,9.0,0.0,0.0,0.0,0.0,0.0,0.0,,,,,,,,,,,,,,,27.0
4457,AMERCO /NV/,200108,10-08-01,10-Q/A,https://www.sec.gov/Archives/edgar/data/4457/0000004457-01-500083.txt,9.0,45.0,-0.6666666543209879,5.694767441860465,0.6263399693721287,2.528442964493038,1227.0,1959.0,29.0,7.0,0.004594180704441043,0.02297090352220521,0.014803471158754468,0.003573251659009699,0.0,0.0,0.0,3.0,0.3333333333333333,1.3333333333333335,3.0,9.0,0.0,0.0,0.0,0.0,0.0,0.0,,,,,,,,,,,,,,,19.0
4515,AMERICAN AIRLINES INC,200810,16-10-08,10-Q,https://www.sec.gov/Archives/edgar/data/4515/0000004515-08-000073.txt,,,,,,,,,,,,,,,,,,,,,,,,,,,,,,,,,,,,,,,,,,,241.0
4515,AMERICAN AIRLINES INC,200902,19-02-09,10-K,https://www.sec.gov/Archives/edgar/data/4515/0000004515-09-000008.txt,,,,,,,,,,,,,,,,,,,,,,,,,,,,,,,,,,,,,,,,,,,681.0
4515,AMERICAN AIRLINES INC,200904,16-04-09,10-Q,https://www.sec.gov/Archives/edgar/data/4515/0000004515-09-000018.txt,,,,,,,,,,,,,,,,,,,,,,,,,,,,,,,,,,,,,,,,,,,90.0
4515,AMERICAN AIRLINES INC,200907,15-07-09,10-Q,https://www.sec.gov/Archives/edgar/data/4515/0000004515-09-000029.txt,,,,,,,,,,,,,,,,,,,,,,,,,,,,,,,,,,,,,,,,,,,337.0
4515,AMERICAN AIRLINES INC,200910,21-10-09,10-Q,https://www.sec.gov/Archives/edgar/data/4515/0000004515-09-000039.txt,,,,,,,,,,,,,,,,,,,,,,,,,,,,,,,,,,,,,,,,,,,151.0
4515,AMERICAN AIRLINES INC,200911,06-11-09,10-Q/A,https://www.sec.gov/Archives/edgar/data/4515/0000004515-09-000041.txt,,,,,,,,,,,,,,,,,,,,,,,,,,,,,,,,,,,,,,,,,,,26.0
4515,AMERICAN AIRLINES INC,201002,17-02-10,10-K,https://www.sec.gov/Archives/edgar/data/4515/0000004515-10-000006.txt,,,,,,,,,,,,,,,,,,,,,,,,,,,,,,,,,,,,,,,,,,,316.0
4515,AMERICAN AIRLINES INC,201004,21-04-10,10-Q,https://www.sec.gov/Archives/edgar/data/4515/0000004515-10-000016.txt,,,,,,,,,,,,,,,,,,,,,,,,,,,,,,,,,,,,,,,,,,,80.0
4515,AMERICAN AIRLINES INC,201007,21-07-10,10-Q,https://www.sec.gov/Archives/edgar/data/4515/0000950123-10-066865.txt,,,,,,,,,,,,,,,,,,,,,,,,,,,,,,,,,,,,,,,,,,,231.0
4515,AMERICAN AIRLINES INC,201010,20-10-10,10-Q,https://www.sec.gov/Archives/edgar/data/4515/0000950123-10-094615.txt,,,,,,,,,,,,,,,,,,,,,,,,,,,,,,,,,,,,,,,,,,,205.0
4962,AMERICAN EXPRESS CO,201404,29-04-14,10-Q,https://www.sec.gov/Archives/edgar/data/4962/0001193125-14-167067.txt,,,,,,,,,,,,,,,,,,,,,,,,,,,,,,,,,,,,,,,,,,,497.0
4962,AMERICAN EXPRESS CO,201407,30-07-14,10-Q,https://www.sec.gov/Archives/edgar/data/4962/0001193125-14-286961.txt,,,,,,,,,,,,,,,,,,,,,,,,,,,,,,,,,,,,,,,,,,,472.0
5588,AMERICAN PAD & PAPER CO,199611,06-11-96,10-Q,https://www.sec.gov/Archives/edgar/data/5588/0000930661-96-001510.txt,7.0,3.0,0.399999960000004,6.859649122807018,0.5038363171355499,2.945394175977027,197.0,391.0,7.0,0.0,0.017902813299232736,0.007672634271099744,0.017902813299232736,0.0,,,,,,,,,,,,,,,,,,,,,,,,,,,,,25.0
5588,AMERICAN PAD & PAPER CO,199703,31-03-97,10-K,https://www.sec.gov/Archives/edgar/data/5588/0000950134-97-002428.txt,4.0,0.0,0.9999997500000624,11.09375,0.5605633802816902,4.6617253521126765,199.0,355.0,8.0,0.0,0.01126760563380282,0.0,0.02253521126760564,0.0,,,,,,,,,,,,,,,,,,,,,,,,,,,,,358.0
5588,AMERICAN PAD & PAPER CO,199705,15-05-97,10-Q,https://www.sec.gov/Archives/edgar/data/5588/0000950134-97-003934.txt,4.0,6.0,-0.199999980000002,6.654545454545453,0.5081967213114754,2.865096870342772,186.0,366.0,8.0,0.0,0.01092896174863388,0.016393442622950817,0.02185792349726776,0.0,,,,,,,,,,,,,,,,,,,,,,,,,,,,,16.0
5588,AMERICAN PAD & PAPER CO,199708,14-08-97,10-Q,https://www.sec.gov/Archives/edgar/data/5588/0000950134-97-006223.txt,3.0,5.0,-0.24999996875000394,5.185714285714286,0.5013774104683195,2.2748366784730423,182.0,363.0,8.0,0.0,0.008264462809917356,0.013774104683195593,0.02203856749311295,0.0,,,,,,,,,,,,,,,,,,,,,,,,,,,,,57.0
5588,AMERICAN PAD & PAPER CO,199711,14-11-97,10-Q,https://www.sec.gov/Archives/edgar/data/5588/0000950134-97-008577.txt,3.0,5.0,-0.24999996875000394,5.112676056338028,0.5096418732782371,2.248927171846506,185.0,363.0,8.0,0.0,0.008264462809917356,0.013774104683195593,0.02203856749311295,0.0,,,,,,,,,,,,,,,,,,,,,,,,,,,,,20.0
5588,AMERICAN PAD & PAPER CO,199803,27-03-98,10-K,https://www.sec.gov/Archives/edgar/data/5588/0000950134-98-002477.txt,5.0,4.0,0.11111109876543347,11.270270270270268,0.5563549160671463,4.7306500745349656,232.0,417.0,11.0,0.0,0.011990407673860913,0.009592326139088728,0.026378896882494004,0.0,,,,,,,,,,,,,,,,,,,,,,,,,,,,,141.0
5588,AMERICAN PAD & PAPER CO,199805,14-05-98,10-Q,https://www.sec.gov/Archives/edgar/data/5588/0000950134-98-004241.txt,1.0,2.0,-0.33333322222225925,11.791666666666664,0.5371024734982333,4.9315076560659605,152.0,283.0,9.0,0.0,0.00353356890459364,0.00706713780918728,0.03180212014134275,0.0,,,,,,,,,,,,,,,,,,,,,,,,,,,,,19.0
5588,AMERICAN PAD & PAPER CO,199808,14-08-98,10-Q,https://www.sec.gov/Archives/edgar/data/5588/0000950134-98-006988.txt,0.0,1.0,-0.999999000001,36.0,0.3888888888888889,14.555555555555555,14.0,36.0,1.0,0.0,0.0,0.027777777777777776,0.027777777777777776,0.0,0.0,1.0,-0.9999990000010001,28.0,0.39285714285714285,11.357142857142858,11.0,28.0,0.0,0.0,0.0,0.03571428571428571,0.0,0.0,,,,,,,,,,,,,,,78.0
5588,AMERICAN PAD & PAPER CO,199811,13-11-98,10-Q,https://www.sec.gov/Archives/edgar/data/5588/0000005588-98-000008.txt,0.0,1.0,-0.999999000001,35.0,0.4,14.16,14.0,35.0,1.0,0.0,0.0,0.028571428571428567,0.028571428571428567,0.0,0.0,1.0,-0.9999990000010001,27.0,0.4074074074074074,10.962962962962964,11.0,27.0,0.0,0.0,0.0,0.037037037037037035,0.0,0.0,,,,,,,,,,,,,,,86.0
5588,AMERICAN PAD & PAPER CO,199811,16-11-98,10-Q/A,https://www.sec.gov/Archives/edgar/data/5588/0000005588-98-000010.txt,,,,,,,,,,,,,,,,,,,,,,,,,,,,,,,,,,,,,,,,,,,5.0
5907,AT&T CORP,199908,13-08-99,10-Q,https://www.sec.gov/Archives/edgar/data/5907/0000005907-99-000027.txt,,,,,,,,,,,,,,,,,,,,,,,,,,,,,,,,,,,,,,,,,,,179.0
5907,AT&T CORP,199911,15-11-99,10-Q,https://www.sec.gov/Archives/edgar/data/5907/0000005907-99-000037.txt,,,,,,,,,,,,,,,,,,,,,,,,,,,,,,,,,,,,,,,,,,,176.0
5907,AT&T CORP,200003,27-03-00,10-K,https://www.sec.gov/Archives/edgar/data/5907/0000005907-00-000014.txt,,,,,,,,,,,,,,,,,,,,,,,,,,,,,,,,,,,,,,,,,,,504.0
5907,AT&T CORP,200005,15-05-00,10-Q,https://www.sec.gov/Archives/edgar/data/5907/0000005907-00-000025.txt,,,,,,,,,,,,,,,,,,,,,,,,,,,,,,,,,,,,,,,,,,,56.0
5907,AT&T CORP,200008,14-08-00,10-Q,https://www.sec.gov/Archives/edgar/data/5907/0000005907-00-000031.txt,2.0,5.0,-0.4285713673469475,14.152173913043477,0.554531490015361,5.882682161223536,361.0,651.0,15.0,1.0,0.0030721966205837174,0.007680491551459293,0.02304147465437788,0.001536098310291859,,,,,,,,,,,,,,,,,,,,,,,,,,,,,94.0
5907,AT&T CORP,200011,14-11-00,10-Q,https://www.sec.gov/Archives/edgar/data/5907/0000005907-00-000038.txt,4.0,5.0,-0.11111109876543347,14.977777777777776,0.5637982195845698,6.2166303989449405,380.0,674.0,10.0,1.0,0.005934718100890208,0.007418397626112759,0.014836795252225518,0.001483679525222552,,,,,,,,,,,,,,,,,,,,,,,,,,,,,110.0
5907,AT&T CORP,200101,26-01-01,10-K/A,https://www.sec.gov/Archives/edgar/data/5907/0000005907-01-000002.txt,,,,,,,,,,,,,,,,,,,,,,,,,,,,,,,,,,,,,,,,,,,106.0
5907,AT&T CORP,200104,02-04-01,10-K405,https://www.sec.gov/Archives/edgar/data/5907/0000005907-01-000012.txt,102.0,193.0,-0.3084745752255099,10.647887323943662,0.5912698412698413,4.495662866085403,3576.0,6048.0,137.0,33.0,0.016865079365079364,0.03191137566137566,0.022652116402116403,0.005456349206349206,,,,,,,,,,,,,,,,,,,,,,,,,,,,,1031.0
5907,AT&T CORP,200104,17-04-01,10-K405/A,https://www.sec.gov/Archives/edgar/data/5907/0000005907-01-000015.txt,102.0,197.0,-0.3177257514457333,10.877374784110536,0.5865354080660528,4.585564076870637,3694.0,6298.0,144.0,34.0,0.016195617656398858,0.03127977135598603,0.02286440139726897,0.005398539218799619,,,,,,,,,,,,,,,,,,,,,,,,,,,,,1033.0
5907,AT&T CORP,200105,15-05-01,10-Q,https://www.sec.gov/Archives/edgar/data/5907/0000950123-01-502538.txt,11.0,30.0,-0.4634146228435458,25.244444444444447,0.5404929577464789,10.313974960876369,614.0,1136.0,33.0,6.0,0.009683098591549295,0.02640845070422535,0.029049295774647887,0.00528169014084507,,,,,,,,,,,,,,,,,,,,,,,,,,,,,164.0
5907,AT&T CORP,200107,03-07-01,10-Q/A,https://www.sec.gov/Archives/edgar/data/5907/0000950123-01-504075.txt,0.0,7.0,-0.9999998571428776,19.6,0.4770408163265306,8.030816326530612,187.0,392.0,7.0,1.0,0.0,0.017857142857142856,0.017857142857142856,0.0025510204081632647,,,,,,,,,,,,,,,,,,,,,,,,,,,,,165.0
5907,AT&T CORP,200108,10-08-01,10-Q/A,https://www.sec.gov/Archives/edgar/data/5907/0000950123-01-505366.txt,0.0,7.0,-0.9999998571428776,19.6,0.4770408163265306,8.030816326530612,187.0,392.0,7.0,1.0,0.0,0.017857142857142856,0.017857142857142856,0.0025510204081632647,,,,,,,,,,,,,,,,,,,,,,,,,,,,,92.0
5907,AT&T CORP,200108,14-08-01,10-Q,https://www.sec.gov/Archives/edgar/data/5907/0000950123-01-505598.txt,12.0,28.0,-0.39999999000000025,19.244897959183675,0.5344644750795334,7.911744973705285,504.0,943.0,27.0,4.0,0.012725344644750796,0.029692470837751856,0.028632025450689286,0.0042417815482502655,,,,,,,,,,,,,,,,,,,,,,,,,,,,,80.0
6071,AMES DEPARTMENT STORES INC,199809,02-09-98,10-Q,https://www.sec.gov/Archives/edgar/data/6071/0000006071-98-000023.txt,,,,,,,,,,,,,,,,,,,,,,,,,,,,,,,,,,,,,,,,,,,16.0
6071,AMES DEPARTMENT STORES INC,199812,10-12-98,10-Q,https://www.sec.gov/Archives/edgar/data/6071/0000006071-98-000026.txt,,,,,,,,,,,,,,,,,,,,,,,,,,,,,,,,,,,,,,,,,,,20.0
6071,AMES DEPARTMENT STORES INC,199904,05-04-99,10-K,https://www.sec.gov/Archives/edgar/data/6071/0000889812-99-001116.txt,,,,,,,,,,,,,,,,,,,,,,,,,,,,,,,,,,,,,,,,,,,106.0
6071,AMES DEPARTMENT STORES INC,199906,15-06-99,10-Q,https://www.sec.gov/Archives/edgar/data/6071/0000006071-99-000013.txt,,,,,,,,,,,,,,,,,,,,,,,,,,,,,,,,,,,,,,,,,,,26.0
6071,AMES DEPARTMENT STORES INC,199909,14-09-99,10-Q,https://www.sec.gov/Archives/edgar/data/6071/0000006071-99-000015.txt,,,,,,,,,,,,,,,,,,,,,,,,,,,,,,,,,,,,,,,,,,,67.0
6071,AMES DEPARTMENT STORES INC,199912,14-12-99,10-Q,https://www.sec.gov/Archives/edgar/data/6071/0000006071-99-000017.txt,,,,,,,,,,,,,,,,,,,,,,,,,,,,,,,,,,,,,,,,,,,31.0
6071,AMES DEPARTMENT STORES INC,200004,11-04-00,10-K,https://www.sec.gov/Archives/edgar/data/6071/0000006071-00-000002.txt,,,,,,,,,,,,,,,,,,,,,,,,,,,,,,,,,,,,,,,,,,,98.0
6071,AMES DEPARTMENT STORES INC,200006,13-06-00,10-Q,https://www.sec.gov/Archives/edgar/data/6071/0000006071-00-000011.txt,,,,,,,,,,,,,,,0.0,0.0,0.0,4.0,0.3125,1.725,5.0,16.0,0.0,0.0,0.0,0.0,0.0,0.0,,,,,,,,,,,,,,,25.0
6201,AMR CORP,199908,16-08-99,10-Q,https://www.sec.gov/Archives/edgar/data/6201/0000006201-99-000023.txt,0.0,0.0,0.0,14.75,0.5254237288135594,6.110169491525424,62.0,118.0,0.0,0.0,0.0,0.0,0.0,0.0,0.0,0.0,0.0,3.6,0.3888888888888889,1.5955555555555556,7.0,18.0,0.0,0.0,0.0,0.0,0.0,0.0,,,,,,,,,,,,,,,41.0
6201,AMR CORP,199911,05-11-99,10-Q,https://www.sec.gov/Archives/edgar/data/6201/0000006201-99-000028.txt,0.0,0.0,0.0,14.75,0.5508474576271186,6.120338983050848,65.0,118.0,0.0,0.0,0.0,0.0,0.0,0.0,0.0,0.0,0.0,3.0,0.4166666666666667,1.3666666666666667,5.0,12.0,0.0,0.0,0.0,0.0,0.0,0.0,,,,,,,,,,,,,,,42.0
6201,AMR CORP,200003,27-03-00,10-K405,https://www.sec.gov/Archives/edgar/data/6201/0000950134-00-002454.txt,4.0,8.0,-0.3333333055555579,6.867924528301888,0.5576923076923077,2.970246734397678,203.0,364.0,6.0,0.0,0.01098901098901099,0.02197802197802198,0.016483516483516484,0.0,,,,,,,,,,,,,,,,,,,,,,,,,,,,,402.0
6201,AMR CORP,200005,11-05-00,10-Q,https://www.sec.gov/Archives/edgar/data/6201/0000006201-00-000009.txt,7.0,6.0,0.07692307100591762,5.835820895522388,0.5549872122762148,2.5563232431194414,217.0,391.0,3.0,0.0,0.017902813299232736,0.015345268542199487,0.007672634271099744,0.0,0.0,0.0,0.0,3.3333333333333335,0.4,1.4933333333333334,4.0,10.0,0.0,0.0,0.0,0.0,0.0,0.0,,,,,,,,,,,,,,,36.0
6201,AMR CORP,200007,28-07-00,10-Q,https://www.sec.gov/Archives/edgar/data/6201/0000950134-00-006067.txt,8.0,0.0,0.9999998750000156,5.611940298507463,0.5558510638297872,2.4671165449348997,209.0,376.0,7.0,0.0,0.02127659574468085,0.0,0.018617021276595744,0.0,0.0,0.0,0.0,4.0,0.375,1.75,6.0,16.0,0.0,0.0,0.0,0.0,0.0,0.0,,,,,,,,,,,,,,,34.0
6201,AMR CORP,200010,26-10-00,10-Q,https://www.sec.gov/Archives/edgar/data/6201/0000006201-00-000017.txt,8.0,5.0,0.2307692130177529,5.63013698630137,0.5717761557177615,2.4807652568076524,235.0,411.0,4.0,0.0,0.0194647201946472,0.012165450121654502,0.0097323600973236,0.0,0.0,0.0,0.0,3.3333333333333335,0.4,1.4933333333333334,4.0,10.0,0.0,0.0,0.0,0.0,0.0,0.0,,,,,,,,,,,,,,,34.0
6201,AMR CORP,200103,22-03-01,10-K405,https://www.sec.gov/Archives/edgar/data/6201/0000950134-01-002483.txt,10.0,10.0,0.0,8.166666666666666,0.5535714285714286,3.488095238095238,217.0,392.0,9.0,0.0,0.025510204081632654,0.025510204081632654,0.02295918367346939,0.0,,,,,,,,,,,,,,,,,,,,,,,,,,,,,1493.0
6201,AMR CORP,200104,24-04-01,10-Q,https://www.sec.gov/Archives/edgar/data/6201/0000950134-01-500665.txt,6.0,5.0,0.09090908264462884,6.328125,0.5456790123456791,2.749521604938272,221.0,405.0,6.0,0.0,0.014814814814814815,0.012345679012345678,0.014814814814814815,0.0,0.0,0.0,0.0,3.3333333333333335,0.4,1.4933333333333334,4.0,10.0,0.0,0.0,0.0,0.0,0.0,0.0,,,,,,,,,,,,,,,44.0
6201,AMR CORP,200108,13-08-01,10-Q,https://www.sec.gov/Archives/edgar/data/6201/0000006201-01-500032.txt,3.0,8.0,-0.4545454132231443,6.35,0.5275590551181102,2.7510236220472444,201.0,381.0,4.0,1.0,0.007874015748031496,0.02099737532808399,0.010498687664041995,0.0026246719160104987,0.0,0.0,0.0,4.0,0.375,1.75,6.0,16.0,0.0,0.0,0.0,0.0,0.0,0.0,,,,,,,,,,,,,,,45.0
6201,AMR CORP,200110,25-10-01,10-Q,https://www.sec.gov/Archives/edgar/data/6201/0000006201-01-500047.txt,2.0,10.0,-0.6666666111111158,7.607142857142858,0.5586854460093896,3.2663313212608984,238.0,426.0,5.0,4.0,0.004694835680751174,0.023474178403755867,0.011737089201877934,0.009389671361502348,0.0,0.0,0.0,3.3333333333333335,0.4,1.4933333333333334,4.0,10.0,0.0,0.0,0.0,0.0,0.0,0.0,,,,,,,,,,,,,,,77.0
6201,AMR CORP,200202,28-02-02,10-K405,https://www.sec.gov/Archives/edgar/data/6201/0000950134-02-001661.txt,2.0,6.0,-0.4999999375000079,7.8936170212765955,0.5660377358490566,3.3838619028502612,210.0,371.0,9.0,2.0,0.005390835579514825,0.016172506738544475,0.024258760107816708,0.005390835579514825,,,,,,,,,,,,,,,,,,,,,,,,,,,,,232.0
6201,AMR CORP,200204,18-04-02,10-Q,https://www.sec.gov/Archives/edgar/data/6201/0000006201-02-000015.txt,0.0,8.0,-0.9999998750000156,6.947368421052633,0.5378787878787878,2.994098883572568,213.0,396.0,2.0,0.0,0.0,0.020202020202020204,0.005050505050505051,0.0,0.0,0.0,0.0,3.3333333333333335,0.4,1.4933333333333334,4.0,10.0,0.0,0.0,0.0,0.0,0.0,0.0,,,,,,,,,,,,,,,40.0
6201,AMR CORP,200207,19-07-02,10-Q,https://www.sec.gov/Archives/edgar/data/6201/0000006201-02-000035.txt,1.0,11.0,-0.8333332638888947,8.564102564102564,0.5389221556886228,3.6412098879164745,180.0,334.0,2.0,1.0,0.002994011976047905,0.03293413173652695,0.00598802395209581,0.002994011976047905,0.0,0.0,0.0,4.0,0.375,1.75,6.0,16.0,0.0,0.0,0.0,0.0,0.0,0.0,,,,,,,,,,,,,,,113.0
6201,AMR CORP,200210,18-10-02,10-Q,https://www.sec.gov/Archives/edgar/data/6201/0000006201-02-000052.txt,4.0,8.0,-0.3333333055555579,8.717391304347826,0.5586034912718204,3.710397918247859,224.0,401.0,4.0,2.0,0.00997506234413965,0.0199501246882793,0.00997506234413965,0.004987531172069825,0.0,0.0,0.0,4.666666666666667,0.42857142857142855,2.0380952380952384,6.0,14.0,0.0,0.0,0.0,0.0,0.0,0.0,,,,,,,,,,,,,,,89.0
6201,AMR CORP,200210,18-10-02,10-Q/A,https://www.sec.gov/Archives/edgar/data/6201/0000950134-02-012680.txt,1.0,9.0,-0.7999999200000081,7.206896551724138,0.5406698564593302,3.0990265632733878,226.0,418.0,2.0,0.0,0.0023923444976076554,0.0215311004784689,0.004784688995215311,0.0,0.0,0.0,0.0,4.666666666666667,0.42857142857142855,2.0380952380952384,6.0,14.0,0.0,0.0,0.0,0.0,0.0,0.0,,,,,,,,,,,,,,,44.0
6201,AMR CORP,200210,18-10-02,10-Q/A,https://www.sec.gov/Archives/edgar/data/6201/0000950134-02-012682.txt,1.0,11.0,-0.8333332638888947,8.564102564102564,0.5389221556886228,3.6412098879164745,180.0,334.0,2.0,1.0,0.002994011976047905,0.03293413173652695,0.00598802395209581,0.002994011976047905,0.0,0.0,0.0,5.0,0.4,2.16,8.0,20.0,0.0,0.0,0.0,0.0,0.0,0.0,,,,,,,,,,,,,,,56.0
6201,AMR CORP,200304,01-04-03,NT 10-K,https://www.sec.gov/Archives/edgar/data/6201/0000006201-03-000012.txt,,,,,,,,,,,,,,,,,,,,,,,,,,,,,,,,,,,,,,,,,,,3.0
6201,AMR CORP,200304,15-04-03,10-K,https://www.sec.gov/Archives/edgar/data/6201/0001047469-03-013301.txt,,,,,,,,,,,,,,,,,,,,,,,,,,,,,,,,,,,,,,,,,,,749.0
6201,AMR CORP,200305,15-05-03,10-Q,https://www.sec.gov/Archives/edgar/data/6201/0000006201-03-000030.txt,1.0,9.0,-0.7999999200000081,7.9824561403508785,0.5428571428571428,3.410125313283209,247.0,455.0,3.0,0.0,0.0021978021978021982,0.019780219780219783,0.006593406593406593,0.0,0.0,0.0,0.0,4.666666666666667,0.42857142857142855,2.0380952380952384,6.0,14.0,0.0,0.0,0.0,0.0,0.0,0.0,,,,,,,,,,,,,,,114.0
6201,AMR CORP,200307,18-07-03,10-Q,https://www.sec.gov/Archives/edgar/data/6201/0000006201-03-000045.txt,4.0,6.0,-0.199999980000002,8.363636363636363,0.6,3.585454545454545,276.0,460.0,3.0,0.0,0.008695652173913044,0.013043478260869565,0.006521739130434782,0.0,0.0,0.0,0.0,4.333333333333333,0.38461538461538464,1.8871794871794874,5.0,13.0,0.0,0.0,0.0,0.0,0.0,0.0,,,,,,,,,,,,,,,163.0
6201,AMR CORP,200810,16-10-08,10-Q,https://www.sec.gov/Archives/edgar/data/6201/0000006201-08-000060.txt,,,,,,,,,,,,,,,,,,,,,,,,,,,,,,,,,,,,,,,,,,,249.0
6201,AMR CORP,200902,19-02-09,10-K,https://www.sec.gov/Archives/edgar/data/6201/0000006201-09-000009.txt,,,,,,,,,,,,,,,,,,,,,,,,,,,,,,,,,,,,,,,,,,,919.0
6201,AMR CORP,200904,16-04-09,10-Q,https://www.sec.gov/Archives/edgar/data/6201/0000006201-09-000016.txt,,,,,,,,,,,,,,,,,,,,,,,,,,,,,,,,,,,,,,,,,,,98.0
6201,AMR CORP,200907,15-07-09,10-Q,https://www.sec.gov/Archives/edgar/data/6201/0000006201-09-000029.txt,,,,,,,,,,,,,,,,,,,,,,,,,,,,,,,,,,,,,,,,,,,347.0
6201,AMR CORP,200910,21-10-09,10-Q,https://www.sec.gov/Archives/edgar/data/6201/0000006201-09-000038.txt,,,,,,,,,,,,,,,,,,,,,,,,,,,,,,,,,,,,,,,,,,,161.0
6201,AMR CORP,200911,06-11-09,10-Q/A,https://www.sec.gov/Archives/edgar/data/6201/0000006201-09-000040.txt,,,,,,,,,,,,,,,,,,,,,,,,,,,,,,,,,,,,,,,,,,,26.0
6201,AMR CORP,201002,17-02-10,10-K,https://www.sec.gov/Archives/edgar/data/6201/0000006201-10-000006.txt,,,,,,,,,,,,,,,,,,,,,,,,,,,,,,,,,,,,,,,,,,,388.0
6201,AMR CORP,201004,21-04-10,10-Q,https://www.sec.gov/Archives/edgar/data/6201/0000006201-10-000013.txt,,,,,,,,,,,,,,,,,,,,,,,,,,,,,,,,,,,,,,,,,,,84.0
6201,AMR CORP,201007,21-07-10,10-Q,https://www.sec.gov/Archives/edgar/data/6201/0000950123-10-066894.txt,,,,,,,,,,,,,,,,,,,,,,,,,,,,,,,,,,,,,,,,,,,242.0
6201,AMR CORP,201010,20-10-10,10-Q,https://www.sec.gov/Archives/edgar/data/6201/0000950123-10-094605.txt,,,,,,,,,,,,,,,,,,,,,,,,,,,,,,,,,,,,,,,,,,,215.0
6260,ANACOMP INC,199402,14-02-94,10-Q,https://www.sec.gov/Archives/edgar/data/6260/0000006260-94-000014.txt,,,,,,,,,,,,,,,,,,,,,,,,,,,,,,,,,,,,,,,,,,,7.0
6260,ANACOMP INC,199405,12-05-94,10-Q,https://www.sec.gov/Archives/edgar/data/6260/0000006260-94-000016.txt,,,,,,,,,,,,,,,,,,,,,,,,,,,,,,,,,,,,,,,,,,,7.0
6260,ANACOMP INC,199712,29-12-97,10-K,https://www.sec.gov/Archives/edgar/data/6260/0000006260-97-000011.txt,7.0,33.0,-0.6499999837500005,10.194174757281553,0.5571428571428572,4.3005270457697655,585.0,1050.0,7.0,6.0,0.006666666666666667,0.03142857142857143,0.006666666666666667,0.005714285714285714,,,,,,,,,,,,,,,,,,,,,,,,,,,,,168.0
6260,ANACOMP INC,199802,17-02-98,10-Q,https://www.sec.gov/Archives/edgar/data/6260/0000006260-98-000001.txt,10.0,11.0,-0.04761904535147403,9.29126213592233,0.5308254963427377,3.9288350529060274,508.0,957.0,7.0,14.0,0.01044932079414838,0.011494252873563218,0.007314524555903866,0.014629049111807731,,,,,,,,,,,,,,,,,,,,,,,,,,,,,56.0
6260,ANACOMP INC,199805,13-05-98,10-Q,https://www.sec.gov/Archives/edgar/data/6260/0000006260-98-000003.txt,26.0,26.0,0.0,9.50609756097561,0.4913406029506094,3.9989752655704884,766.0,1559.0,13.0,12.0,0.016677357280307892,0.016677357280307892,0.008338678640153944,0.007697241821680564,,,,,,,,,,,,,,,,,,,,,,,,,,,,,26.0
6260,ANACOMP INC,199808,14-08-98,10-Q,https://www.sec.gov/Archives/edgar/data/6260/0000914121-98-000672.txt,20.0,37.0,-0.2982456088027086,10.613924050632912,0.4985092426952892,4.444973317331281,836.0,1677.0,21.0,14.0,0.011926058437686344,0.022063208109719738,0.012522361359570662,0.008348240906380441,,,,,,,,,,,,,,,,,,,,,,,,,,,,,40.0
6260,ANACOMP INC,199812,29-12-98,10-K405,https://www.sec.gov/Archives/edgar/data/6260/0001047469-98-045227.txt,1.0,1.0,0.0,50.0,0.62,20.248,31.0,50.0,1.0,0.0,0.02,0.02,0.02,0.0,,,,,,,,,,,,,,,,,,,,,,,,,,,,,137.0
6260,ANACOMP INC,199902,11-02-99,10-Q,https://www.sec.gov/Archives/edgar/data/6260/0000006260-99-000005.txt,11.0,26.0,-0.4054053944485029,8.224137931034482,0.5870020964360587,3.524456010988217,840.0,1431.0,41.0,16.0,0.007686932215234102,0.01816911250873515,0.0286512928022362,0.011180992313067784,0.0,0.0,0.0,6.75,0.5185185185185185,2.9074074074074074,14.0,27.0,0.0,0.0,0.0,0.0,0.0,0.0,,,,,,,,,,,,,,,26.0
6260,ANACOMP INC,199905,17-05-99,10-Q,https://www.sec.gov/Archives/edgar/data/6260/0000006260-99-000007.txt,13.0,34.0,-0.4468085011317341,7.0357142857142865,0.5766497461928934,3.044945612762872,1136.0,1970.0,51.0,16.0,0.006598984771573604,0.017258883248730966,0.025888324873096447,0.008121827411167513,0.0,0.0,0.0,4.2,0.38095238095238093,1.8323809523809524,8.0,21.0,0.0,0.0,0.0,0.0,0.0,0.0,,,,,,,,,,,,,,,74.0
6260,ANACOMP INC,199908,13-08-99,10-Q,https://www.sec.gov/Archives/edgar/data/6260/0000006260-99-000010.txt,,,,,,,,,,,,,,,0.0,0.0,0.0,3.75,0.4,1.6600000000000001,6.0,15.0,0.0,0.0,0.0,0.0,0.0,0.0,,,,,,,,,,,,,,,29.0
11860,BETHLEHEM STEEL CORP /DE/,199811,12-11-98,10-Q,https://www.sec.gov/Archives/edgar/data/11860/0000011860-98-000022.txt,85.0,210.0,-0.4237288121229532,24.318627450980397,0.5180407175972587,9.93466726743106,2570.0,4961.0,50.0,29.0,0.017133642410804274,0.04233017536786938,0.010078613182826044,0.0058455956460391045,,,,,,,,,,,,,,,,,,,,,,,,,,,,,36.0
11860,BETHLEHEM STEEL CORP /DE/,199903,24-03-99,10-K405,https://www.sec.gov/Archives/edgar/data/11860/0001021408-99-000543.txt,,,,,,,,,,,,,,,,,,,,,,,,,,,,,,,,,,,,,,,,,,,391.0
11860,BETHLEHEM STEEL CORP /DE/,199905,14-05-99,10-Q,https://www.sec.gov/Archives/edgar/data/11860/0000011860-99-000025.txt,,,,,,,,,,,,,,,,,,,,,,,,,,,,,,,,,,,,,,,,,,,8.0
11860,BETHLEHEM STEEL CORP /DE/,199906,29-06-99,10-K/A,https://www.sec.gov/Archives/edgar/data/11860/0000011860-99-000030.txt,,,,,,,,,,,,,,,,,,,,,,,,,,,,,,,,,,,,,,,,,,,14.0
11860,BETHLEHEM STEEL CORP /DE/,199908,05-08-99,10-Q,https://www.sec.gov/Archives/edgar/data/11860/0000011860-99-000035.txt,17.0,45.0,-0.4516128959417275,12.366071428571427,0.5342960288808665,5.160146982980919,740.0,1385.0,35.0,3.0,0.012274368231046929,0.032490974729241874,0.02527075812274368,0.0021660649819494585,,,,,,,,,,,,,,,,,,,,,,,,,,,,,11.0
11860,BETHLEHEM STEEL CORP /DE/,199911,02-11-99,10-Q,https://www.sec.gov/Archives/edgar/data/11860/0000011860-99-000042.txt,20.0,48.0,-0.4117646998269897,12.76315789473684,0.5271477663230241,5.316122264423948,767.0,1455.0,33.0,3.0,0.013745704467353952,0.03298969072164948,0.02268041237113402,0.002061855670103093,,,,,,,,,,,,,,,,,,,,,,,,,,,,,86.0
11860,BETHLEHEM STEEL CORP /DE/,200003,09-03-00,10-K,https://www.sec.gov/Archives/edgar/data/11860/0000011860-00-000019.txt,,,,,,,,,,,,,,,,,,,,,,,,,,,,,,,,,,,,,,,,,,,1242.0
11860,BETHLEHEM STEEL CORP /DE/,200005,03-05-00,10-Q,https://www.sec.gov/Archives/edgar/data/11860/0000011860-00-000022.txt,,,,,,,,,,,,,,,,,,,,,,,,,,,,,,,,,,,,,,,,,,,9.0
11860,BETHLEHEM STEEL CORP /DE/,200006,28-06-00,10-K/A,https://www.sec.gov/Archives/edgar/data/11860/0000011860-00-000025.txt,,,,,,,,,,,,,,,,,,,,,,,,,,,,,,,,,,,,,,,,,,,16.0
11860,BETHLEHEM STEEL CORP /DE/,200007,26-07-00,10-Q,https://www.sec.gov/Archives/edgar/data/11860/0000011860-00-000028.txt,,,,,,,,,,,,,,,,,,,,,,,,,,,,,,,,,,,,,,,,,,,9.0
11860,BETHLEHEM STEEL CORP /DE/,200010,25-10-00,10-Q,https://www.sec.gov/Archives/edgar/data/11860/0000011860-00-000038.txt,,,,,,,,,,,,,,,,,,,,,,,,,,,,,,,,,,,,,,,,,,,11.0
12239,SPHERIX INC,200704,02-04-07,10-K,https://www.sec.gov/Archives/edgar/data/12239/0001104659-07-024804.txt,,,,,,,,,,,,,,,,,,,,,,,,,,,,,,,,,,,,,,,,,,,126.0
12239,SPHERIX INC,200705,16-05-07,NT 10-Q,https://www.sec.gov/Archives/edgar/data/12239/0001104659-07-040463.txt,,,,,,,,,,,,,,,,,,,,,,,,,,,,,,,,,,,,,,,,,,,3.0
12239,SPHERIX INC,200705,18-05-07,10-Q,https://www.sec.gov/Archives/edgar/data/12239/0001104659-07-041441.txt,,,,,,,,,,,,,,,,,,,,,,,,,,,,,,,,,,,,,,,,,,,20.0
12239,SPHERIX INC,200705,23-05-07,10-K/A,https://www.sec.gov/Archives/edgar/data/12239/0001104659-07-042333.txt,,,,,,,,,,,,,,,,,,,,,,,,,,,,,,,,,,,,,,,,,,,127.0
12239,SPHERIX INC,200708,14-08-07,10-Q,https://www.sec.gov/Archives/edgar/data/12239/0001104659-07-062470.txt,,,,,,,,,,,,,,,,,,,,,,,,,,,,,,,,,,,,,,,,,,,33.0
